736629545512632320	bot
764765673172176897	bot
830692986459738114	bot
872525677484007427	bot
795374336823721988	bot
923722600848809989	bot
84545542	bot
835363885825703937	bot
221037228	bot
2475343882	bot
45131936	bot
228818957	bot
89974800	bot
863060650783895553	bot
883951634	bot
803911699	bot
156229652	bot
185581589	bot
1726466071	bot
769101193863897092	bot
90570778	bot
279156058	bot
217974814	bot
933403387315572741	bot
1683337250	bot
798683659679174656	bot
771707882148593665	bot
3251992613	bot
716484648	bot
622483501	bot
2448435247	bot
1428815922	bot
480200756	bot
170954805	bot
2446663734	bot
323523935	bot
527466557	bot
531923006	bot
942259972129394688	bot
44023872	bot
2547050562	bot
948641253729751051	bot
50309214	bot
606412878	bot
2189561935	bot
988424593	bot
632555602	bot
1266794580	bot
763312055768248320	bot
2719889500	bot
289218654	bot
2156709984	bot
3932368994	bot
2437935203	bot
412354660	bot
259580007	bot
788643705120894976	bot
4268338599	bot
605642429	bot
1693499504	bot
949727598795304960	bot
926825157091459073	bot
905970294392807424	bot
3758258294	bot
229030007	bot
278927480	bot
3378946623	bot
134127295	bot
2203668501	bot
2300680321	bot
882532483	bot
768538147001143296	bot
1615741063	bot
2236516490	bot
382406795	bot
1068021900	bot
152688783	bot
470839442	bot
460779203	bot
92756119	bot
2607825048	bot
2235068569	bot
175009946	bot
3331164527	bot
2166999198	bot
112416928	bot
615070064	bot
1168447896	bot
807223505490153473	bot
3444025100	bot
1608734887	bot
2599080104	bot
452534441	bot
2479499975	bot
2924324210	bot
15210670	bot
95238323	bot
314128566	bot
159082636	bot
2454077628	bot
2932787390	bot
2212318194	bot
3195668674	bot
821731524	bot
227258566	bot
898306098393907200	bot
839265817048952832	bot
564107298	bot
170977315	bot
537997525	bot
913106970512646144	bot
725169909165084673	bot
143239389	bot
735569087552688131	bot
2824215248	bot
2449998050	bot
414955748	bot
711598086158585856	bot
75149543	bot
946736271124238337	bot
374843633	bot
618285303	bot
749260801593085952	bot
160882939	bot
156702973	bot
221722878	bot
302231807	bot
245379330	bot
2740128811	bot
713466306775949312	bot
969709832	bot
450214153	bot
2161512714	bot
769944223667802112	bot
130877708	bot
613568782	bot
188483855	bot
3078942992	bot
542806289	bot
438970642	bot
3236649235	bot
930678043554836480	bot
882094711313498113	bot
531325210	bot
164466971	bot
1029591324	bot
567882800	bot
1262776610	bot
4828554257	bot
228602149	bot
415067185	bot
172900649	bot
2511585578	bot
94768519	bot
1332338988	bot
280381743	bot
2983964983	bot
113753234	bot
810496314	bot
950117832146251779	bot
937681675512942592	bot
392460608	bot
52415376	bot
573141317	bot
336445766	bot
587743560	bot
255736141	bot
711583386079465474	bot
578176953	bot
618955832	bot
954820946	bot
181330260	bot
2484007253	bot
153747803	bot
890737291588640768	bot
441448797	bot
88258912	bot
2954424675	bot
124553575	bot
2634719595	bot
848410002	bot
945900431573684224	bot
83810671	bot
1110944112	bot
829124978	bot
33923443	bot
775261909780197376	bot
2555521162	bot
382458232	bot
1504213369	bot
160985466	bot
712979178	bot
356735358	bot
564595075	bot
757817207581650944	bot
2486092167	bot
3390415240	bot
812448763759493120	bot
869342485339942912	bot
2453936953	bot
214645135	bot
815329680	bot
1077080472	bot
1093175736	bot
634676291	bot
42795412	bot
461558727	bot
2437779863	bot
90573208	bot
2890615876	bot
1258929661	bot
541923741	bot
1898768798	bot
525500832	bot
17617356	bot
780293778904985601	bot
292237733	bot
884470182	bot
2450099953	bot
229947816	bot
749170170413940736	bot
941735729700528129	bot
403179950	bot
255781298	bot
2300232116	bot
901775225053822976	bot
920391242051092480	bot
341658039	bot
236687800	bot
553376500	bot
54938044	bot
1359157693	bot
512754110	bot
763446435421519872	bot
3617954241	bot
910541598831685634	bot
2903226824	bot
346429898	bot
81994188	bot
194683342	bot
200251856	bot
4796690898	bot
2359294422	bot
4132224761	bot
1488935384	bot
3434325791	bot
368005595	bot
862166906391756800	bot
558217637	bot
950713467778068481	bot
422175201	bot
2485295589	bot
418603495	bot
3122888004	bot
2449031658	bot
3097169389	bot
934207692930818048	bot
433222125	bot
1319883463	bot
2391049981	bot
19569136	bot
575762929	bot
86899186	bot
554097139	bot
179732982	bot
331481593	bot
482894335	bot
902793926280491008	bot
3177103874	bot
415916548	bot
4578658822	bot
1397707274	bot
584884747	bot
2241454604	bot
2482206125	bot
3305805847	bot
449446418	bot
344510996	bot
214080021	bot
346790422	bot
2475885039	bot
381893146	bot
2191854108	bot
839588620596088832	bot
466512645	bot
2483180067	bot
916873998159331329	bot
1457416741	bot
757126993351548928	bot
2858192988	bot
2446535431	bot
1329043890	bot
814004784	bot
213236277	bot
934058397850390528	bot
362154554	bot
618578491	bot
733526964540039168	bot
2469626431	bot
947068072418074626	bot
3060146759	bot
3208055368	bot
48320268	bot
426961482	bot
915269051567493120	bot
2966078363	bot
1589969485	bot
247042638	bot
851711263	bot
802814545	bot
615713362	bot
595548755	bot
1440922196	bot
2479635897	bot
1489703012	bot
141087323	bot
2320517724	bot
1357818464	bot
704622350109696000	bot
363889252	bot
898394613181956097	bot
703548090150625280	bot
785609322	bot
1344897643	bot
365560432	bot
1325073512	bot
2242833013	bot
899599307329884161	bot
2446637688	bot
451940986	bot
37294527	bot
882623100	bot
214475390	bot
464906882	bot
3235029636	bot
182723205	bot
725728350812131328	bot
332696199	bot
384275083	bot
615801485	bot
78926478	bot
2830578797	bot
479627920	bot
175323793	bot
739297938	bot
928760438048702464	bot
879932757295726593	bot
2450066071	bot
136491672	bot
844100650707423232	bot
2475733103	bot
1346628254	bot
635558966	bot
552972960	bot
3318192802	bot
906561445000859649	bot
14483001	bot
251175591	bot
134863528	bot
2484050602	bot
2485361323	bot
95363756	bot
3028950472	bot
300473012	bot
875367508315783168	bot
212771510	bot
617161400	bot
619010745	bot
3328803514	bot
947434421745012737	bot
4773735100	bot
94563005	bot
145746622	bot
2437634751	bot
1096628929	bot
2475977410	bot
2175869635	bot
2285435588	bot
617889569	bot
890541796714926080	bot
575793866	bot
2732161143	bot
2437118668	bot
1168949965	bot
1084123854	bot
907670129080639488	bot
1444344528	bot
996299474	bot
2174124756	bot
158241495	bot
2448315096	bot
924891063134777344	bot
339913436	bot
2437929694	bot
232086240	bot
771105506	bot
279268073	bot
24578794	bot
528993003	bot
1564149578	bot
1695662832	bot
291994353	bot
325763827	bot
1676688116	bot
2481822453	bot
933806127166509056	bot
2477939453	bot
3186174718	bot
414622463	bot
48057281	bot
1915476739	bot
520956676	bot
361626373	bot
754075832818294784	bot
296172295	bot
541756204	bot
3234117677	bot
931833291891789824	bot
2428136210	bot
940093840383295488	bot
338275024	bot
893484164	bot
1239182106	bot
855685916	bot
622830725	bot
276562720	bot
4838632225	bot
778944850733457409	bot
479570725	bot
293892904	bot
985320235	bot
98552620	bot
70773549	bot
454253359	bot
119534385	bot
838829083589033994	bot
366811956	bot
731484980	bot
906659909218992128	bot
912126401444237313	bot
487572285	bot
182729534	bot
4004864834	bot
589128515	bot
463514436	bot
4048812869	bot
2480804679	bot
2147709769	bot
235916106	bot
946825015	bot
575994701	bot
898665623680499712	bot
469015376	bot
358257491	bot
2415557460	bot
2419575637	bot
401046359	bot
314657624	bot
795677741551120384	bot
490498909	bot
543761086	bot
889614902486327299	bot
3018593121	bot
1348655971	bot
153912164	bot
259578725	bot
3056140775	bot
2286629740	bot
2921008274	bot
189881826	bot
2882474866	bot
720644620485586944	bot
270789494	bot
543339668	bot
124238717	bot
871703700636524548	bot
35099519	bot
367166336	bot
4573784555	bot
232192901	bot
928641060515049472	bot
1222547948	bot
732524197432446976	bot
529630091	bot
940050242	bot
313293710	bot
859892623	bot
408007568	bot
1514564498	bot
2479989489	bot
17059993	bot
729508760	bot
2449358660	bot
819827218201251840	bot
436843419	bot
192324509	bot
1270043550	bot
73840453	bot
2449071008	bot
2437098401	bot
621517730	bot
407235211	bot
362951589	bot
621031921	bot
1555199132	bot
193899435	bot
606817196	bot
230234610	bot
363852718	bot
1125882799	bot
445580208	bot
324996017	bot
453112754	bot
990011125	bot
101756062	bot
160287673	bot
431071870	bot
2387643325	bot
379038654	bot
16655296	bot
306475969	bot
757386725144530948	bot
737695217298477056	bot
1616538564	bot
1410299904	bot
716288161	bot
317600718	bot
2321748938	bot
748311499	bot
868538464429592576	bot
156128206	bot
185496528	bot
237253585	bot
621202387	bot
2477595058	bot
1894378454	bot
2879060473	bot
615926745	bot
152861658	bot
2375629789	bot
2621315973	bot
408794080	bot
2684460001	bot
1066800098	bot
527725540	bot
3852674021	bot
2918329318	bot
491496301	bot
391240681	bot
365437935	bot
240737264	bot
1053328369	bot
153345010	bot
912453989895069696	bot
281279476	bot
740020788602900481	bot
790518024398831616	bot
1284385783	bot
313116175	bot
2480273236	bot
38211068	bot
618679295	bot
613659634	bot
52714500	bot
488096774	bot
588727305	bot
2478188704	bot
570315266	bot
447556625	bot
952534190	bot
929102253625143296	bot
2801943575	bot
558607876	bot
1956371485	bot
233278495	bot
636318753	bot
169970722	bot
913531939	bot
554593316	bot
468698149	bot
2617447056	bot
287878186	bot
94944299	bot
152468525	bot
944532478445871104	bot
986123312	bot
421377073	bot
2732181683	bot
2479873078	bot
617581623	bot
226722872	bot
942198701333860353	bot
19199038	bot
922115596023730176	bot
796148226617475074	bot
938585328528560128	bot
1119409220	bot
612931307	bot
437523529	bot
497343562	bot
838782915718832129	bot
2479789133	bot
406590542	bot
251634768	bot
2183185490	bot
244280163	bot
998476884	bot
1134111829	bot
890202141104758785	bot
2446660452	bot
328488026	bot
371831899	bot
360813660	bot
1601334367	bot
3398696032	bot
2400769123	bot
615664741	bot
2477200913	bot
204477544	bot
587646058	bot
563946002	bot
224910448	bot
635862498	bot
1409637493	bot
1541037174	bot
898913546855079936	bot
474774649	bot
3254834299	bot
386263630	bot
2273647741	bot
3220634750	bot
457029141	bot
707885995476312064	bot
926893588633587712	bot
201694340	bot
27105814	bot
863802708658196480	bot
895562887	bot
2583514062	bot
633267337	bot
488715402	bot
286542991	bot
336473232	bot
803353746	bot
224588995	bot
556698772	bot
2411304085	bot
315215004	bot
364510365	bot
165801118	bot
2449599648	bot
519711905	bot
919894768162934785	bot
1948398758	bot
2563676017	bot
2742695080	bot
2483268124	bot
296037546	bot
898588857448280064	bot
448216238	bot
247286959	bot
2764645553	bot
377695415	bot
366949561	bot
296369338	bot
1649097247	bot
2483143869	bot
59016382	bot
849300302201327618	bot
499999939	bot
617483460	bot
632530117	bot
1601981642	bot
66317516	bot
1490862888	bot
1370320080	bot
14993272	bot
624854227	bot
701455573	bot
1383132374	bot
185935064	bot
2484653273	bot
2453492954	bot
538148060	bot
1632875677	bot
409173218	bot
34174180	bot
920780465392508928	bot
890182886	bot
231218407	bot
133938408	bot
733800568041406464	bot
770962160239325184	bot
309501165	bot
58578131	bot
578839797	bot
1053940982	bot
897671630784258048	bot
292113656	bot
932164992060870656	bot
553622782	bot
2489861375	bot
1871412480	bot
387243265	bot
289420546	bot
309611780	bot
66946309	bot
836498649903308800	bot
358417673	bot
65455370	bot
1168393483	bot
2448850188	bot
427293966	bot
1647916304	bot
1591139544	bot
157416725	bot
155403543	bot
881170980948905985	bot
285150491	bot
2863891740	bot
2239104287	bot
1069351	bot
2438018338	bot
1130755363	bot
888820748500049921	bot
613297445	bot
1142457643	bot
398679343	bot
359922994	bot
301059379	bot
168721630	bot
574868790	bot
3113425343	bot
66749755	bot
324787516	bot
634674494	bot
897760530034601985	bot
705904198483890176	bot
3334161732	bot
884079551008997376	bot
241911112	bot
858274930567204864	bot
21360280	bot
1973853516	bot
899927071807426560	bot
4876594431	bot
83185208	bot
724335475075457024	bot
212874126	bot
19583545	bot
524801369	bot
201110874	bot
110675291	bot
940542962122948608	bot
3143150660	bot
1057480033	bot
3958716856	bot
158035174	bot
402681190	bot
279396941	bot
807411049	bot
296340842	bot
2436461932	bot
401542034	bot
244845936	bot
3042370930	bot
911583396484337664	bot
999699830	bot
545901943	bot
449703290	bot
2474831650	bot
1652655487	bot
780807552	bot
633796160	bot
939053325831389185	bot
174902886	bot
928381927874269184	bot
2562663814	bot
2733166242	bot
2326209277	bot
111779257	bot
923697557066473474	bot
432029072	bot
209108370	bot
355935638	bot
4162420633	bot
768844905099689984	bot
490147235	bot
899954647221317633	bot
4869623332	bot
3355963633	bot
2763627948	bot
1521520045	bot
445906350	bot
491646384	bot
290643377	bot
2458117554	bot
379309492	bot
1591254643	bot
3085036983	bot
2411904440	bot
543987129	bot
855059899	bot
63620540	bot
433472960	bot
629763521	bot
4650195856	bot
849196253837754368	bot
895957607386447872	bot
2475418529	bot
2484579784	bot
321279433	bot
482414027	bot
2719640141	bot
2348821969	bot
618610131	bot
1564769749	bot
2295217322	bot
740077016	bot
1451371428	bot
832336297641512960	bot
723289535648423936	bot
991137246	bot
169184735	bot
18343393	bot
3253380578	bot
452537827	bot
152315807	bot
968689128	bot
2449417706	bot
634613228	bot
1907041874	bot
3005189614	bot
193631827	bot
705865333328904193	bot
387650132	bot
236883451	bot
2997532156	bot
1711062954	bot
792631295864037376	bot
233440767	bot
3410083072	bot
949482576346890241	bot
425092612	bot
893269819075641344	bot
608414636	bot
323558922	bot
295004759	bot
19719693	bot
221517327	bot
124677649	bot
863870500577071104	bot
1142218260	bot
218834453	bot
615350085	bot
403557916	bot
1104006685	bot
877439767650091009	bot
2866249253	bot
427963946	bot
3019855404	bot
707712558	bot
2292514352	bot
528653875	bot
3065435701	bot
223991351	bot
255534648	bot
3164603961	bot
2447533627	bot
495623741	bot
1065872959	bot
450364992	bot
830705222	bot
744150240136044544	bot
898734596925292544	bot
244604489	bot
616582732	bot
871128780424716288	bot
1175887441	bot
630890066	bot
153302611	bot
213493332	bot
2480546745	bot
916216762835755008	bot
222363231	bot
849954403	bot
1346885071	bot
508571237	bot
2904753766	bot
3063659793	bot
1401609834	bot
506183275	bot
110460524	bot
1375133293	bot
2286491246	bot
3311876545	bot
1161862771	bot
108482173	bot
2446655102	bot
701940664276103168	bot
2437619307	bot
922963041406341120	bot
909858892129083392	bot
2330395927	bot
46970509	bot
2730303085	bot
129054355	bot
924934477725319168	bot
2448824588	bot
2341381782	bot
341909143	bot
608487064	bot
120347588	bot
296150557	bot
794880562158833664	bot
141244064	bot
2446237346	bot
907577806007291905	bot
483428005	bot
2483787430	bot
2978494121	bot
69721771	bot
354162350	bot
47806130	bot
4332299955	bot
3092000439	bot
182982328	bot
740485217220218880	bot
3100890811	bot
252444349	bot
2973251831	bot
4752731842	bot
881682115	bot
1283577546	bot
3239397666	bot
18992077	bot
2217305808	bot
3110556503	bot
893099990687653888	bot
267960020	bot
362368725	bot
911380182	bot
358356698	bot
572440284	bot
2437727525	bot
1328750544	bot
898974696850509825	bot
270729511	bot
220834829	bot
2476201709	bot
828649228805091329	bot
957053462	bot
872269554	bot
170309365	bot
922632380619177984	bot
201563897	bot
348538620	bot
548297002	bot
905563909	bot
917429572198719488	bot
2436734727	bot
150446380	bot
287039244	bot
2563833613	bot
161275768	bot
2481741443	bot
129754903	bot
624035612	bot
1680869150	bot
907543699285991424	bot
260693793	bot
1041268514	bot
909294682898817024	bot
916973500786663425	bot
2490101541	bot
2975837992	bot
926373924832792577	bot
1517197098	bot
790661527607148544	bot
623584562	bot
64829231	bot
225337136	bot
3255659827	bot
2485141139	bot
409046838	bot
287813431	bot
617326399	bot
3105062721	bot
217139010	bot
312514371	bot
434433860	bot
522833733	bot
56821575	bot
891097252466393088	bot
1427001162	bot
2490013515	bot
278802252	bot
178970445	bot
1570256720	bot
4474617681	bot
896920346452008960	bot
2491336532	bot
939670175304990720	bot
600098647	bot
264099812	bot
114478938	bot
2475159387	bot
2166157626	bot
382226270	bot
417441631	bot
616017761	bot
53229411	bot
1555297346	bot
3082932069	bot
2482077544	bot
467844969	bot
2449448814	bot
800571159162994688	bot
741384049	bot
329977491	bot
273006454	bot
63373175	bot
626884472	bot
2536140665	bot
2484602747	bot
2486025159	bot
847784399299072002	bot
921481377014362112	bot
566796161	bot
831426426876342272	bot
778109633860923392	bot
4321033537	bot
468580232	bot
948314138886987777	bot
2282737303	bot
1884004236	bot
2565918607	bot
1013346968	bot
2480889749	bot
901855128	bot
349327257	bot
2821384090	bot
2474857455	bot
910626195468951553	bot
2400710559	bot
2343602082	bot
903239381619576832	bot
2430957476	bot
224282950	bot
518545320	bot
62523306	bot
553168813	bot
2823497648	bot
465219507	bot
2448302750	bot
373791732	bot
1685811134	bot
28082337	bot
256288707	bot
555789264	bot
818423798	bot
1587926983	bot
2290365356	bot
493533133	bot
133781455	bot
476037072	bot
450631633	bot
403730386	bot
925253587	bot
95546979	bot
53805021	bot
613803033	bot
4109547197	bot
870506467	bot
2616877028	bot
757314087097434112	bot
2487171046	bot
770517317100851200	bot
425873388	bot
2605596655	bot
297406448	bot
615864305	bot
396042226	bot
209242101	bot
107220982	bot
2906301805	bot
361461753	bot
386791423	bot
